/*
SQLyog Professional v12.09 (64 bit)
MySQL - 5.5.20-log : Database - blog
*********************************************************************
*/

/*!40101 SET NAMES utf8 */;

/*!40101 SET SQL_MODE=''*/;

/*!40014 SET @OLD_UNIQUE_CHECKS=@@UNIQUE_CHECKS, UNIQUE_CHECKS=0 */;
/*!40014 SET @OLD_FOREIGN_KEY_CHECKS=@@FOREIGN_KEY_CHECKS, FOREIGN_KEY_CHECKS=0 */;
/*!40101 SET @OLD_SQL_MODE=@@SQL_MODE, SQL_MODE='NO_AUTO_VALUE_ON_ZERO' */;
/*!40111 SET @OLD_SQL_NOTES=@@SQL_NOTES, SQL_NOTES=0 */;
CREATE DATABASE /*!32312 IF NOT EXISTS*/`blog` /*!40100 DEFAULT CHARACTER SET utf8 */;

USE `blog`;

/*Table structure for table `article` */

DROP TABLE IF EXISTS `article`;

CREATE TABLE `article` (
  `a_id` int(20) NOT NULL AUTO_INCREMENT,
  `article_title` varchar(30) NOT NULL,
  `article_content` varchar(10000) NOT NULL,
  `article_class` varchar(10) NOT NULL,
  `article_time` varchar(20) NOT NULL,
  `article_status` varchar(20) NOT NULL,
  `article_zan` int(50) NOT NULL,
  PRIMARY KEY (`a_id`)
) ENGINE=InnoDB AUTO_INCREMENT=14 DEFAULT CHARSET=utf8;

/*Data for the table `article` */

insert  into `article`(`a_id`,`article_title`,`article_content`,`article_class`,`article_time`,`article_status`,`article_zan`) values (4,'生活是什么？','<ul><p>&nbsp;生活是什么？</p><p>&nbsp; &nbsp; &nbsp;有人说，生活生活，就是生下来活下去，也有人说，生容易，活容易，生活不容易。</p><p>&nbsp;&nbsp;&nbsp;&nbsp;有个朋友曾经和我说，这个世界，大多数人都没有生活，他们有的仅仅是生存。我赞同这种说法吧，只是生存，对于我们可能都是一种奢侈。每个人都在努力，努力为着这个本来不属于我们的生活和努力。对于含着金钥匙而成长的人，我们又羡慕又嫉妒。可我们没有想过，他们的先人在斩荆棘的时候，付出的艰辛和艰苦，才有了后代荣华。</p><p>&nbsp;&nbsp;&nbsp;&nbsp;其实在我看来，生活是一种需要，在你最需要亲人的时候，亲人已经突然不在了。子欲养而亲不待，说得成其深，对于我们是一种思考。他们的离开，对于我们都是一种打击，可也是一种思考。离开时痛苦的，可是生活就是有生老病死，当你一直都习惯存在的人已经离开的时候，慢慢地，你会看透很多，这就是你面对生活所需要的。</p><p>生活是什么？</p><p>&nbsp;&nbsp;&nbsp;&nbsp;其实在我看来，生活就是一种打拼，当过年过节的时候你看着别人的父母带着自己的孩子快乐的回家的时候、尔你还只能在大街上流浪的时候。许多游子和打工的人或许都有这种感觉吧，为了赚钱，为了养家。当我们看到留守儿童那迷茫孤寂的眼神，不由得心痛的时候，或许你能理解那份父母为了儿女在外打拼的奔波吧。</p><p>生活是什么？</p><p>&nbsp;&nbsp;&nbsp;&nbsp;其实在我看来，生活就是一种漠然，当你真正遇到困难而朋友都不能帮你的时候、怕你还不了钱的时候。你只能自己默默面对这一切，这一切让你十分无奈，可是你明白了一个道理，借给你是道理，不借给你是合理。人之常情，所以，想怪不能怪的时候，你留下的只是无奈。</p><p>生活是什么？</p><p>&nbsp;&nbsp;&nbsp;&nbsp;其实生活就是无奈的活着，不得不无奈的活着。我们活在这个世界上，为的只是寻找一个目标，而生活，给我们的感受，却是无奈与绝望的迷茫。这时候你不能说生活是美好和美满的吧？可是正因为有痛苦，无奈与悲伤，我们才有开心的日子。也正因为有了生存，才有了生活。</p><p>&nbsp;&nbsp;&nbsp;&nbsp;无奈的生活，才给我们无奈的心情，无奈的心情才有了悠然见南山的豁达与开朗，这就是生活，这种生活才会有着无限的魅力，也只有这种魅力才能吸引我们一直向前。</p></ul>','日记','Tue Mar 27 2018 20:2','1',0),(6,'人生相遇是一场缘','<ul><p>文/雨夜情深</p><p>&nbsp;&nbsp;&nbsp;&nbsp;一直觉得人与人相处，是一种自然的美。一路透过时间的窗融入了彼此，丰富了所有忧伤的美。使得悲伤不再凝而不散，泪而不觉苦思无语。静而不言，忧伤是一场梦。葬着所有未醒的人，醒而觉提亡思无果。盛世一刹那生死两茫茫，思无绪其无过人。红尘一叙自潇洒，只是红尘多梦。自古即是悠悠一红，情是读你百媚千红。我独爱你那一种！</p><p>&nbsp;&nbsp;&nbsp;&nbsp;有些事越沉淀的久，其中的深意越浓。有些人越交心越是觉得彼此没有距离，时光是一个浩瀚的海洋。我们都行走在其中，一路经历者大自然所赋予我们的一切。从时光的演变到沧海桑田，从日出日落到回归平静。人生岁月终究是一段花开花落的蝶舞，有的翱翔远去飞过沧海。寻觅自己所谓的终点，有的留下静静陪伴回馈大自然。人生有许多事不管是留下，还是选择远去。只要不曾忘记曾经来过的路，和昔日告别的人。每一个选择都将是快乐而丰富，安康而富有和谐而美丽。一生要走过的路太多，所以有些时候我们可能忘了曾经出发的地方。但是这些都不要紧只要在那个黄昏落下之前，以一种自己的方式记得。那个曾经送你的人就好，</p><p>&nbsp;&nbsp;&nbsp;&nbsp;有些人走了，带着故事走的特别远。已经看不清当初的模样，甚至想起来都很模糊。只是一直在脑海里涌动着，却始终不愿意想起来。因为一旦想起曾经的故人故事，就像浮现眼前一样那种刻骨铭心。带着心酸的感觉很是感慨，曾经无数个黑夜告诉自己。秋风过后所有关于曾经，那场痛不欲生的青春将一笔带过。然而当所有故人全部离去，突然发现原来我还在这里。守护着这里的每一片小草，和这里春夏秋冬所留下的气息。仿佛一切都没有变还是原来的那个，蔚蓝色的天空。我看见你们的笑声读懂你们的忧伤，直到黄昏来临黑夜将至。我才不得不承认都是过去，曾经的人曾经的故事。写一程旅途读懂一段花开，</p><p>&nbsp;&nbsp;&nbsp;&nbsp;在这个波动不安的世界中，每走过一程旅途都必须带着。与这个世界相同距离的心，因为世界每一天都在发生不同的变化。所以对于人生而言每走一步都要向前，世界是个不公平的环境。所以才会有人们不断发生争取，世界就像人生一样只有砥砺奋进。才会擦出岁月的火花不至于被时光埋没，生活在这个沧海似曾尽头的彼岸。带着期待的岁月看一场花开，更看一场人生的冷暖。世界每天都在变换着而每个人，都行动于自己所选择的路一直走下去。人生要一路前进更要一路刻苦，都是风雨赶路人有时候一个槛。关键是看我们有没有勇气越过去，有时候越过去了不仅仅是行动。还能激发心里的那道坎和那个结，</p><p>&nbsp;&nbsp;&nbsp;&nbsp;人生是一个选择的过程，倘若选对了就是一条阳光大道。倘若不幸选错了便是时光的代价，其实有时候人生并没有对与错的本质分别。只是所在的位置不同以及界定一个事物的在乎程度，就像有些人让你很喜欢一样。你们走进彼此的世界认为这个距离就是对的，只是角度不一样对与错选择与否。没有本质的绝对简单的来讲，人生有些选择你认为对的。就去执行并且捍卫它，绝对不允许任何人以任何形式阻碍你。世上倘若能再选择一次。我相信会有很多人重新定义选择的意义，也不至于后来的后来发生着太多不愿意看到的样子。很多时候选择就像光明一样，你喜欢黄昏注定要承受黑夜。你喜欢白天注定不懂夜的黑，</p><p>&nbsp;&nbsp;&nbsp;&nbsp;时间是检验感情最好的衡量器，不会因为年华而辜负太多有心人。有些人从你们最初彼此不相识，再到后来熟悉彼此。成为彼此的朋友最后演变为，生命之中重要的人。或许是一个知心的朋友，也许是一个无法舍弃的恋人。再或许是一个萍水相逢的路人，只是因为某些共同点所以你们走在一起。但不管时光如何有些人走在一起，就是一种深情的缘分。不管以后是风雨交加还是电闪雷鸣，还是黄昏将至大雪纷飞。又或许是寒冬刺骨，只要心里有一份牵挂不管走到哪里，都将是一份热爱也是一份。同步时间而考验的刻苦，时间是检验感情最好的衡量器。不会因为某些人而忘了自己的位置，不管是秋风还是冰雨始终伴随着感情前进。而不会遗忘身后的风景!</p><p>&nbsp;&nbsp;&nbsp;&nbsp;人生相遇是一场缘，无论遇到什么人都要以一种。和谐赞美之情来对待，即便不是同一路人也不要急着先下结论。因为有些人相处起来你会慢慢发现，并不是当初想的那么坏。而是慢慢发现许多人和自己有着共同的语言，只是视角不一样所以存在着某一种稍微的变化。但也不排除相遇一场，有些人的的确确存在着距离。这种距离如果相处的好可谓是，生活中的一处风景带着唯美披着花开。散发在空中闻香而过识闻而来，但人生一场不管是相遇。还是距离产生的美，都要好好的把握。即便是一场萍水相逢也要有一颗感恩之心，带着自己陪伴着花开看一场相遇。人无完人无论早晚相遇就好，</p></ul>','日记','Tue Mar 27 2018 20:3','1',0),(7,'你为什么还是一个人','<ul><p>文/残年流水</p><p>&nbsp;&nbsp;&nbsp;&nbsp;时光潺潺，淌过心间，湿润了心底的柔软，潮湿了记忆的土壤。</p><p>&nbsp;&nbsp;&nbsp;&nbsp;轻握流年、细数往事，还未来得及将最美的你安放在我最深的脑海里，回忆潮退，一时之间竟然找不到什么来证明我们相爱过，只能怀揣着昔日的线索，轻轻的踏过所有的过往，几经轮转，无力的跌落在回忆的彼岸，我、渡不过去，你、走不过来。</p><p>&nbsp;&nbsp;&nbsp;&nbsp;错落的年华里，斑驳的记忆。最近总是有意无意的想起我们在一起的日子，浓烈到平淡、熟悉的桥段、琐碎的牵绊。也许是过了太久太久，故事的开端早已不知从何说起，故事的终章似乎和大多数人的一样，静静的躺在心底某个柔软的角落，孤孤单单、触碰不得。你看一眼，湿了眼眶；你不看，又何谈遗忘？</p><p>&nbsp;&nbsp;&nbsp;&nbsp;一直以来，我都企图用文字小心翼翼的将你刻画的逼真，可我明白，这世上的一切都不太确定，唯一确定的就是：我们都将慢慢的老去。再逼真，终究也只是昨日的你。其实，我并不畏惧尤为可知的将来，也不害怕没有你的明天，我只是惶恐，这一切都将化为昨日的花，而我、却只能无奈的站在流年的路旁，什么都留不住。偶尔、花香蔓延出思念的窗，又教我掉入回忆的芬芳。( 文章阅读网：www.sanwen.net )</p><p>&nbsp;&nbsp;&nbsp;&nbsp;你曾说，两年的时间可以改变很多，错过了便是错过了。我无言，我都懂，我只是不清楚，我们究竟是输给了时间、还是败给了现实？</p><p>&nbsp;&nbsp;&nbsp;&nbsp;若说，是输给了时间，可为何，我们相遇的那么真实；</p><p>&nbsp;&nbsp;&nbsp;&nbsp;若说，是败给了现实，又为何，我们别离的那么虚幻。</p><p>&nbsp;&nbsp;&nbsp;&nbsp;也许、我们都没有看清：是时间给现实披上了多情的霓裳，还是现实给时间穿上了长情的盛装？原来，我们输给的、败给的，却是有情、无情。</p><p>&nbsp;&nbsp;&nbsp;&nbsp;流光轮转，年年岁岁，岁岁年年，八年时光弹指间。我的世界没有你，原来已经这么久了。这些年，走走停停、停停走走，我看过各式各样美丽的风景，遇到过许许多多可爱的人，其实，我也想用岁月的笔，勾勒出与它们之间的缘分，只是，回忆那么轻，飘飘渺渺，融进骨子里，抽离不得；回忆那么重，深深沉沉，烙刻在心底，总是想起。怪我，始终没有学会放下你。</p><p>&nbsp;&nbsp;&nbsp;&nbsp;故事，总会有尽头。今夜绵绵柔柔的细雨，将会敲响谁人思念的窗台，流放到记忆的花海里，寻寻觅觅，看清转身的距离；今夜隐隐约约的呢喃，又会传出怎样的幽叹，飘摇在潮湿的空气中，游游荡荡，诉清等待的风华。</p><p>&nbsp;&nbsp;&nbsp;&nbsp;岁月无声，犹如轻风过耳，有些事情总会忽然的想起，又忽然的忘记，反反复复。我记得，曾有人问过我：这么多年了，你为什么还是一个人？一时间，我竟失了神，回答不上来。</p><p>&nbsp;&nbsp;&nbsp;&nbsp;而今、轻风过畔，水起涟漪枝招展，我仿佛听到了岁月的声音，我想，心里或许已经有了答案：我只是被回忆留在了回忆里。等你轻轻的带着我们的回忆，踩着莲步，涉水而来，从我的故事外，走进我的故事里。</p><p>&nbsp;&nbsp;&nbsp;&nbsp;原创作者：残年流水（642501749）</p><p>&nbsp;&nbsp;&nbsp;&nbsp;作于2018年1月16日夜</p></ul>','想法','Tue Mar 27 2018 20:3','1',0),(8,'爱，是春天里的那一树繁花','<ul><p>总有些回忆，恰如眉间的春色，潋滟在岁月的枝头，在云水深处，折叠成一处风景，似一朵花开，如流动的风，浅浅淡淡，却一直都在。</p><p>总有一种遇见，惊艳了时光，温柔岁月，若一抹暖阳，一树新绿，,虽相隔千山万水，抖落风尘，依然会珍藏你的笑。</p><p>总有一处风景，渲染了欢喜，如一曲清音，在心与心的相惜中流淌，葱茏了一季花事，写意了一季明媚。</p><p>春点燃季节的花红柳绿，将温润藏在一朵花的微笑里，拾一枚醉人的花香，那嫣然的花事，便成了盛开在年华里最美的诗行。</p><p>春天是属于花朵的季节，与山水相逢是缘，与花朵相遇是美好，生命中注定会有那么一个人，千山万水与你相遇，和你一起体会春风拂面的温柔，将爱放在与阳光同在的地方，深爱，如开在灵魂深处的花朵，以最绚丽的色彩，写意生命中最美的风景。</p><p>爱是岁月眸子里的一笺春色，是开在光阴里的花朵，氤氲了想念，丰盈了生命。爱是清风摇曳曼妙的心语，是春雨萌动诗意的润泽，是姹紫嫣红涌动的春情，是花草相衬流淌的相惜，是弄花香满衣的诗意，是生命中最美的修行。</p><p>爱若盛开在春天里，定是春水萌动，春风拂面，繁花似锦。爱的诗意恰与春光相遇，爱的心境不为凡尘所染，爱的虔诚正与温暖欣喜相逢。</p><p>想来这个世界上的每一种好处，都只为懂他的人盛装而来，懂得，是两心相悦初见的惊艳，是原来你也在这里的久别重逢，是过尽千帆的不离不弃，是峰回路转的明媚嫣然，是蓦然回首的婆娑和感动，是老来多健忘，惟不忘相思的情深似海。</p><p>懂你，何须千言万语，一朝相遇，便是永远。光阴转角处最美的遇见，是只一眼，便在一个人的眼中沉沦，心中的繁花，只的你一人倾其所有的绽放，即便凋零也是无悔。</p><p>爱若盛开，清风自来，总想，那万紫千红的春天里，我看花时，花也一定在看我，我念你时，你也会念我。岁时光的回音壁上，有关于过去的种种回味，也掩映着明天的姹紫嫣红，时光就在这来来去去中，暗香盈袖。</p><p>人生，因缘而聚，因情而暖，我们这一路遇见，一路告别，远去的终只是回忆，留下的是生命中的不离不弃。</p><p>把岁月里的点滴美好珍藏，只为等待那场春暖花开的盛宴，捡拾一路阳光与感动，只为生命的路上有温暖相依。</p><p>因为懂得，所以慈悲，光阴的路口，若深情终不会被辜负，我愿静静的等待，等花开满枝，等时光嫣然，等你途经我的盛放，让所有的欢喜和遇见都能在春天抵达，岁月有爱相伴，从此一路繁花。</p><p>作者：春暖花开</p><p>微信公众平台：花开心灵驿站cnhk667788</p><p>明白，这世上的一切都不太确定，唯一确定的就是：我们都将慢慢的老去。再逼真，终究也只是昨日的你。其实，我并不畏惧尤为可知的将来，也不害怕没有你的明天，我只是惶恐，这一切都将化为昨日的花，而我、却只能无奈的站在流年的路旁，什么都留不住。偶尔、花香蔓延出思念的窗，又教我掉入回忆的芬芳。( 文章阅读网：www.sanwen.net )<br></p><p>&nbsp;&nbsp;&nbsp;&nbsp;你曾说，两年的时间可以改变很多，错过了便是错过了。我无言，我都懂，我只是不清楚，我们究竟是输给了时间、还是败给了现实？</p><p>&nbsp;&nbsp;&nbsp;&nbsp;若说，是输给了时间，可为何，我们相遇的那么真实；</p><p>&nbsp;&nbsp;&nbsp;&nbsp;若说，是败给了现实，又为何，我们别离的那么虚幻。</p><p>&nbsp;&nbsp;&nbsp;&nbsp;也许、我们都没有看清：是时间给现实披上了多情的霓裳，还是现实给时间穿上了长情的盛装？原来，我们输给的、败给的，却是有情、无情。</p><p>&nbsp;&nbsp;&nbsp;&nbsp;流光轮转，年年岁岁，岁岁年年，八年时光弹指间。我的世界没有你，原来已经这么久了。这些年，走走停停、停停走走，我看过各式各样美丽的风景，遇到过许许多多可爱的人，其实，我也想用岁月的笔，勾勒出与它们之间的缘分，只是，回</p><p>总有些回忆，恰如眉间的春色，潋滟在岁月的枝头，在云水深处，折叠成一处风景，似一朵花开，如流动的风，浅浅淡淡，却一直都在。</p><p>总有一种遇见，惊艳了时光，温柔岁月，若一抹暖阳，一树新绿，,虽相隔千山万水，抖落风尘，依然会珍藏你的笑。</p><p>总有一处风景，渲染了欢喜，如一曲清音，在心与心的相惜中流淌，葱茏了一季花事，写意了一季明媚。</p><p>春点燃季节的花红柳绿，将温润藏在一朵花的微笑里，拾一枚醉人的花香，那嫣然的花事，便成了盛开在年华里最美的诗行。</p><p>春天是属于花朵的季节，与山水相逢是缘，与花朵相遇是美好，生命中注定会有那么一个人，千山万水与你相遇，和你一起体会春风拂面的温柔，将爱放在与阳光同在的地方，深爱，如开在灵魂深处的花朵，以最绚丽的色彩，写意生命中最美的风景。</p><p>爱是岁月眸子里的一笺春色，是开在光阴里的花朵，氤氲了想念，丰盈了生命。爱是清风摇曳曼妙的心语，是春雨萌动诗意的润泽，是姹紫嫣红涌动的春情，是花草相衬流淌的相惜，是弄花香满衣的诗意，是生命中最美的修行。</p><p>爱若盛开在春天里，定是春水萌动，春风拂面，繁花似锦。爱的诗意恰与春光相遇，爱的心境不为凡尘所染，爱的虔诚正与温暖欣喜相逢。</p><p>想来这个世界上的每一种好处，都只为懂他的人盛装而来，懂得，是两心相悦初见的惊艳，是原来你也在这里的久别重逢，是过尽千帆的不离不弃，是峰回路转的明媚嫣然，是蓦然回首的婆娑和感动，是老来多健忘，惟不忘相思的情深似海。</p><p>总有些回忆，恰如眉间的春色，潋滟在岁月的枝头，在云水深处，折叠成一处风景，似一朵花开，如流动的风，浅浅淡淡，却一直都在。</p><p>总有一种遇见，惊艳了时光，温柔岁月，若一抹暖阳，一树新绿，,虽相隔千山万水，抖落风尘，依然会珍藏你的笑。</p><p>总有一处风景，渲染了欢喜，如一曲清音，在心与心的相惜中流淌，葱茏了一季花事，写意了一季明媚。</p><p>春点燃季节的花红柳绿，将温润藏在一朵花的微笑里，拾一枚醉人的花香，那嫣然的花事，便成了盛开在年华里最美的诗行。</p><p>春天是属于花朵的季节，与山水相逢是缘，与花朵相遇是美好，生命中注定会有那么一个人，千山万水与你相遇，和你一起体会春风拂面的温柔，将爱放在与阳光同在的地方，深爱，如开在灵魂深处的花朵，以最绚丽的色彩，写意生命中最美的风景。</p><p>爱是岁月眸子里的一笺春色，是开在光阴里的花朵，氤氲了想念，丰盈了生命。爱是清风摇曳曼妙的心语，是春雨萌动诗意的润泽，是姹紫嫣红涌动的春情，是花草相衬流淌的相惜，是弄花香满衣的诗意，是生命中最美的修行。</p><p>爱若盛开在春天里，定是春水萌动，春风拂面，繁花似锦。爱的诗意恰与春光相遇，爱的心境不为凡尘所染，爱的虔诚正与温暖欣喜相逢。</p><p>想来这个世界上的每一种好处，都只为懂他的人盛装而来，懂得，是两心相悦初见的惊艳，是原来你也在这里的久别重逢，是过尽千帆的不离不弃，是峰回路转的明媚嫣然，是蓦然回首的婆娑和感动，是老来多健忘，惟不忘相思的情深似海。</p><p>懂你，何须千言万语，一朝相遇，便是永远。光阴转角处最美的遇见，是只一眼，便在一个人的眼中沉沦，心中的繁花，只的</p><p>总有些回忆，恰如眉间的春色，潋滟在岁月的枝头，在云水深处，折叠成一处风景，似一朵花开，如流动的风，浅浅淡淡，却一直都在。</p><p>总有一种遇见，惊艳了时光，温柔岁月，若一抹暖阳，一树新绿，,虽相隔千山万水，抖落风尘，依然会珍藏你的笑。</p><p>总有一处风景，渲染了欢喜，如一曲清音，在心与心的相惜中流淌，葱茏了一季花事，写意了一季明媚。</p><p>春点燃季节的花红柳绿，将温润藏在一朵花的微笑里，拾一枚醉人的花香，那嫣然的花事，便成了盛开在年华里最美的诗行。</p><p>春天是属于花朵的季节，与山水相逢是缘，与花朵相遇是美好，生命中注定会有那么一个人，千山万水与你相遇，和你一起体会春风拂面的温柔，将爱放在与阳光同在的地方，深爱，如开在灵魂深处的花朵，以最绚丽的色彩，写意生命中最美的风景。</p><p>爱是岁月眸子里的一笺春色，是开在光阴里的花朵，氤氲了想念，丰盈了生命。爱是清风摇曳曼妙的心语，是春雨萌动诗意的润泽，是姹紫嫣红涌动的春情，是花草相衬流淌的相惜，是弄花香满衣的诗意，是生命中最美的修行。</p><p>爱若盛开在春天里，定是春水萌动，春风拂面，繁花似锦。爱的诗意恰与春光相遇，爱的心境不为凡尘所染，爱的虔诚正与温暖欣喜相逢。</p><p>想来这个世界上的每一种好处，都只为懂他的人盛装而来，懂得，是两心相悦初见的惊艳，是原来你也在这里的久别重逢，是过尽千帆的不离不弃，是峰回路转的明媚嫣然，是蓦然回首的婆娑和感动，是老来多健忘，惟不忘相思的情深似海。</p><p>懂你，何须千言万语，一朝相遇，便是永远。光阴转角处最美的遇见，是只一眼，便在一个人的眼中沉沦，心中的繁花，只的你一人倾其所有的绽放，即便凋零也是无悔。</p><p>爱若盛开，清风自来，总想，那万紫千红的春天里，我看花时，花也一定在看我，我念你时，你也会念我。岁时光的回音壁上，有关于过去的种种回味，也掩映着明天的姹紫嫣红，时光就在这来来去去中，暗香盈袖。</p><p>人生，因缘而聚，因情而暖，我们这一路遇见，一路告别，远去的终只是回忆，留下的是生命中的不离不弃。</p><p>把岁月里的点滴美好珍藏，只为等待那场春暖花开的盛宴，捡拾一路阳光与感动，只为生命的路上有温暖相依。</p><p>因为懂得，所以慈悲，光阴的路口，若深情终不会被辜负，我愿静静的等待，等花开满枝，等时光嫣然，等你途经我的盛放，让所有的欢喜和遇见都能在春天抵达，岁月有爱相伴，从此一路繁花。</p><p>作者：春暖花开</p></ul>','心情','Tue Mar 27 2018 20:3','1',0),(9,'与爱同行','<ul><p>与爱同行</p><p>——游梅里雪山</p><p>&nbsp;&nbsp;&nbsp;&nbsp;梅里雪山——位于云南迪庆藏族自治州德钦县境内，当地藏民称其为“卡瓦格博雪山”，地处滇、川、藏三省结合部，是三江（金沙江、澜沧江、怒江）并流世界自然遗产的腹心地带，整个雪山呈南北走向，全长150公里。它的上段称梅里雪山、中段称太子雪山、下段称碧罗雪山。其中，梅里雪山国家公园总面积960平方公里，“梅里”一词来自藏语译音，是“药山”的意思，因盛产各种名贵药材而得名。“太子十三峰”平均海拔均在6000米以上，主峰卡瓦格博海拔6740米，是云南第一高峰，同时也是藏区八大神山之首。自1902年有登山记录以来，共有10余支登山队先后发起登山行动，但均以失败告终。所以至今仍是人类未能征服的“处女峰”。也是唯一一座因文化保护而被禁攀登的高峰。它是横断山系中景色最为秀丽的一座山峰。澜沧江和怒江分东西两侧从雪山脚下流过，气候变换莫测，雪峰直至苍穹，江水深切峡谷。藏民们称它为“雪山之神”。这里盛产虫草、雪莲、贝母等名贵药材。</p><p>&nbsp;&nbsp;&nbsp;&nbsp;4000米雪线（冰川形成与消融速度相当的地带）以上群山峭拔，云蒸霞蔚。其中，太子雪山以其巍峨壮丽，神秘莫测而闻名遐迩。早在30年代，美国学者就称卡瓦格博峰是“世界最美的山峰”。卡瓦格博东坡的明永冰川绵延11.7公里，平均宽度500米，面积为13平方公里，冰舌（冰川自山谷向下延伸的冰川带）末端海拔2660米，属世界罕见的低海拔、低纬度现代冰川。位于梅里雪山东麓的藏族村落雨崩，被人们称为“世外桃源”，四面群山簇拥，终年白雪皑皑......</p><p>&nbsp;&nbsp;&nbsp;&nbsp;2017年5月1日，因丽江工作所困，月余未与爱人谋面，更无法与爱人一起享受今年的小长假，甚是思念！于是，电话承诺爱人：“若你能来丽江，我便带你去咱们早已心驰神往的圣地——梅里雪山”。</p><p>&nbsp;&nbsp;&nbsp;&nbsp;旅游，一直是我两的共同兴趣。4月30日晚，爱人孤身一人，千里迢迢搭火车直达丽江，一路辛苦不言而喻，甚是感动！一日凌晨，我两驱车近400公里。自丽江古城出发，沿214国道一路向北，玉龙、哈巴雪山作伴，经香格里拉，绕白马雪山，过纳帕海，入大山里的德钦县城，若不是指路牌的提醒，我根本不会认为这里就是德钦县城......导航显示，飞来寺距德钦县城仅20公里左右，所以我们并未在县城停顿，便直捣心目中悬崖峭壁上的飞来寺。不料，由于车速稍快了些，一不小心就驶过了，掉头行驶数百米处，“吉祥飞来寺”的牌坊已矗立在我们的右前方，进入牌坊便是陡坡，陡坡右侧是一整排的转经筒。车子驶入牌坊十几米，顿感开车进去属不敬之举，于是想把车倒出去，徒步去参观。由于坡太陡，经过几个回合的折腾，终于把车倒出了陡坡......两人虔诚的旋转着转经筒徒步下坡约400米，一座金碧辉煌、雕梁画栋、雄伟壮丽的飞来寺已现眼前，但大门紧闭。我两也不敢过多打扰，便默默祈福、拍照后匆匆离开了。据说，运气甚好时可在飞来寺看到“日照金顶”的自然奇观。</p><p>&nbsp;&nbsp;&nbsp;&nbsp;时间已是下午4时，因下一目的地是梅里雪山脚下的明永冰川和“世外桃源”雨崩村，距飞来寺不过30公里左右，经与爱人商议，决定继续前进，今晚进驻明永藏族村。经过近90分钟的盘山行驶，横跨金沙江上的“卡瓦格博大桥”，大桥尽头的指路牌显示，向左即去雨崩，向右即是明永冰川，左旋右转，爱人都有些晕车的感觉了，我们终于抵达了明永。由于垂直海拔落差太大，温差变化也极大，90分钟前的飞来寺室外温度还是8度，可此时的明永村温度已高达25度。耳也聋了，与售票员的正常交流都成了问题，售票员也被我的大声问询给逗笑了......售票员告诉我，今天太晚已经进不了景区，只有在明永住下，明早8点才可以进入冰川景区。</p><p>&nbsp;&nbsp;&nbsp;&nbsp;次日7时醒来，我便爬到仁钦酒店楼顶，真没想到，昨晚来时还细雨霏霏，今早却霞光万丈，卡瓦格博的神秘面纱也被清晨的阳光轻轻撩开了，近在眼前，庄重肃穆，美轮美奂。村落里绿树成荫，鸟语花香，牛铃声声......恬静、舒适、和谐、安逸！</p><p>&nbsp;&nbsp;&nbsp;&nbsp;我两属今天第一批进入景区的游客，乘电瓶车行驶5公里，徒步攀登3公里，均沿藏民们转山的路线攀登，沿途古木参天，壁立千仞，遍山经幡迎风招展，栈道两旁，燕尾兰姹紫嫣红，竞相怒放，躲不开的太子雪峰总在你的眼前摇曳，时而云遮雾罩，时而明亮清丽，山接云天，大气磅礴，摄人心魄......</p><p>&nbsp;&nbsp;&nbsp;&nbsp;经过近3小时的攀登，我们终于来到了太子庙休息点。据景区救援人员介绍，再30分钟的路程我们就可以到达明永冰川的第一个观景台了。他还说，前三天这里一直都是阴雨连绵，你们运气真好！今天终于为你们晴开了，卡瓦格博也为你们露出了尊容......有些游客来几次都看不到卡瓦格博！真诚感谢上苍的恩赐！！</p><p>&nbsp;&nbsp;&nbsp;&nbsp;观景台共四个，愈往上栈道愈是陡峭，但距离雪山冰川也越近，也更能亲近雪山冰川。我们在不同的观景台分别遇上了来自德国及我国北京、青岛、深圳、西藏等地的游客，大家相互帮忙拍照，虽有几分疲惫，但难掩心中的兴奋，甚是欢愉！雪山冰川相映生辉，晴空阴凉相映成趣，不虚此行的情绪洋溢在每一张脸上......</p><p>&nbsp;&nbsp;&nbsp;&nbsp;与爱同行，真爱永恒！</p><p>&nbsp;&nbsp;&nbsp;&nbsp;爱是清风摇曳曼妙的心语，是春雨萌动诗意的润泽，是姹紫嫣红涌动的春情，是花草相衬流淌的相惜，是弄花香满衣的诗意，是生命中最美的修行。<br></p><p>&nbsp;&nbsp;&nbsp;&nbsp;爱若盛开在春天里，定是春水萌动，春风拂面，繁花似锦。爱的诗意恰与春光相遇，爱的心境不为凡尘所染，爱的虔诚正与温暖欣喜相逢。</p><p>&nbsp;&nbsp;&nbsp;&nbsp;想来这个世界上的每一种好处，都只为懂他的人盛装而来，懂得，是两心相悦初见的惊艳，是原来你也在这里的久别重逢，是过尽千帆的不离不弃，是峰回路转的明媚嫣然，是蓦然回首的婆娑和感动，是老来多健忘，惟不忘相思的情深似海。</p><p>&nbsp;&nbsp;&nbsp;&nbsp;懂你，何须千言万语，一朝相遇，便是永远。光阴转角处最美的遇见，是只一眼，便在一个人的眼中沉沦，心中的繁花，只的你一人倾其所有的绽放，即便凋零也是无悔。</p><p>&nbsp;&nbsp;&nbsp;&nbsp;爱若盛开，清风自来，总想，那万紫千红的春天里，我看花时，花也一定在看我，我念你时，你也会念我。岁时光的回音壁上，有关于过去的种种回味，也掩映着明天的姹紫嫣红，时光就在这来来去去中，暗香盈袖。</p><p>&nbsp;&nbsp;&nbsp;&nbsp;人生，因缘而聚，因情而暖，我们这一路遇见，一路告别，远去的终只是回忆，留下的是生命中的不离不弃。</p><p>&nbsp;&nbsp;&nbsp;&nbsp;把岁月里的点滴美好珍藏，只为等待那场春暖花开的盛宴，捡拾一路阳光与感动，只为生命的路上有温暖相依。</p><p>&nbsp;&nbsp;&nbsp;&nbsp;因为懂得，所以慈悲，光阴的路口，若深情终不会被辜负，我愿静静的等待，等花开满枝，等时光嫣然，等你途经我的盛放，让所有的欢喜和遇见都能在春天抵达，岁月有爱相伴，从此一路繁花。</p><p>&nbsp;&nbsp;&nbsp;&nbsp;作者：春暖花开</p><p>&nbsp;&nbsp;&nbsp;&nbsp;明白，这世上的一切都不太确定，唯一确定的就是：我们都将慢慢的老去。再逼真，终究也只是昨日的你。其实，我并不畏惧尤为可知的将来，也不害怕没有你的明天，我只是惶恐，这一切都将化为昨日的花，而我、却只能无奈的站在流年的路旁，什么都留不住。偶尔、花香蔓延出思念的窗，又教我掉入回忆的芬芳。( 文章阅读网：www.sanwen.net )<br></p><p>&nbsp;&nbsp;&nbsp;&nbsp;你曾说，两年的时间可以改变很多，错过了便是错过了。我无言，我都懂，我只是不清楚，我们究竟是输给了时间、还是败给了现实？</p><p>&nbsp;&nbsp;&nbsp;&nbsp;若说，是输给了时间，可为何，我们相遇的那么真实；</p><p>&nbsp;&nbsp;&nbsp;&nbsp;若说，是败给了现实，又为何，我们别离的那么虚幻。</p><p>&nbsp;&nbsp;&nbsp;&nbsp;也许、我们都没有看清：是时间给现实披上了多情的霓裳，还是现实给时间穿上了长情的盛装？原来，我们输给的、败给的，却是有情、无情。</p><p>&nbsp;&nbsp;&nbsp;&nbsp;流光轮转，年年岁岁，岁岁年年，八年时光弹指间。我的世界没有你，原来已经这么久了。这些年，走走停停、停停走走，我看过各式各样美丽的风景，遇到过许许多多可爱的人，其实，我也想用岁月的笔，勾勒出与它们之间的缘分，只是，回</p><p>&nbsp;&nbsp;&nbsp;&nbsp;总有些回忆，恰如眉间的春色，潋滟在岁月的枝头，在云水深处，折叠成一处风景，似一朵花开，如流动的风，浅浅淡淡，却一直都在。</p><p>&nbsp;&nbsp;&nbsp;&nbsp;总有一种遇见，惊艳了时光，温柔岁月，若一抹暖阳，一树新绿，,虽相隔千山万水，抖落风尘，依然会珍藏你的笑。</p><p>&nbsp;&nbsp;&nbsp;&nbsp;总有一处风景，渲染了欢喜，如一曲清音，在心与心的相惜中流淌，葱茏了一季花事，写意了一季明媚。</p><p>&nbsp;&nbsp;&nbsp;&nbsp;春点燃季节的花红柳绿，将温润藏在一朵花的微笑里，拾一枚醉人的花香，那嫣然的花事，便成了盛开在年华里最美的诗行。</p><p>&nbsp;&nbsp;&nbsp;&nbsp;春天是属于花朵的季节，与山水相逢是缘，与花朵相遇是美好，生命中注定会有那么一个人，千山万水与你相遇，和你一起体会春风拂面的温柔，将爱放在与阳光同在的地方，深爱，如开在灵魂深处的花朵，以最绚丽的色彩，写意生命中最美的风景。</p><p>&nbsp;&nbsp;&nbsp;&nbsp;爱是岁月眸子里的一笺春色，是开在光阴里的花朵，氤氲了想念，丰盈了生命。爱是清风摇曳曼妙的心语，是春雨萌动诗意的润泽，是姹紫嫣红涌动的春情，是花草相衬流淌的相惜，是弄花香满衣的诗意，是生命中最美的修行。</p><p>&nbsp;&nbsp;&nbsp;&nbsp;爱若盛开在春天里，定是春水萌动，春风拂面，繁花似锦。爱的诗意恰与春光相遇，爱的心境不为凡尘所染，爱的虔诚正与温暖欣喜相逢。</p><p>&nbsp;&nbsp;&nbsp;&nbsp;想来这个世界上的每一种好处，都只为懂他的人盛装而来，懂得，是两心相悦初见的惊艳，是原来你也在这里的久别重逢，是过尽千帆的不离不弃，是峰回路转的明媚嫣然，是蓦然回首的婆娑和感动，是老来多健忘，惟不忘相思的情深似海。</p><p>&nbsp;&nbsp;&nbsp;&nbsp;总有些回忆，恰如眉间的春色，潋滟在岁月的枝头，在云水深处，折叠成一处风景，似一朵花开，如流动的风，浅浅淡淡，却一直都在。</p><p>&nbsp;&nbsp;&nbsp;&nbsp;总有一种遇见，惊艳了时光，温柔岁月，若一抹暖阳，一树新绿，,虽相隔千山万水，抖落风尘，依然会珍藏你的笑。</p><p>&nbsp;&nbsp;&nbsp;&nbsp;总有一处风景，渲染了欢喜，如一曲清音，在心与心的相惜中流淌，葱茏了一季花事，写意了一季明媚。</p><p>&nbsp;&nbsp;&nbsp;&nbsp;春点燃季节的花红柳绿，将温润藏在一朵花的微笑里，拾一枚醉人的花香，那嫣然的花事，便成了盛开在年华里最美的诗行。</p><p>&nbsp;&nbsp;&nbsp;&nbsp;春天是属于花朵的季节，与山水相逢是缘，与花朵相遇是美好，生命中注定会有那么一个人，千山万水与你相遇，和你一起体会春风拂面的温柔，将爱放在与阳光同在的地方，深爱，如开在灵魂深处的花朵，以最绚丽的色彩，写意生命中最美的风景。</p><p>&nbsp;&nbsp;&nbsp;&nbsp;爱是岁月眸子里的一笺春色，是开在光阴里的花朵，氤氲了想念，丰盈了生命。爱是清风摇曳曼妙的心语，是春雨萌动诗意的润泽，是姹紫嫣红涌动的春情，是花草相衬流淌的相惜，是弄花香满衣的诗意，是生命中最美的修行。</p><p>&nbsp;&nbsp;&nbsp;&nbsp;爱若盛开在春天里，定是春水萌动，春风拂面，繁花似锦。爱的诗意恰与春光相遇，爱的心境不为凡尘所染，爱的虔诚正与温暖欣喜相逢。</p><p>&nbsp;&nbsp;&nbsp;&nbsp;想来这个世界上的每一种好处，都只为懂他的人盛装而来，懂得，是两心相悦初见的惊艳，是原来你也在这里的久别重逢，是过尽千帆的不离不弃，是峰回路转的明媚嫣然，是蓦然回首的婆娑和感动，是老来多健忘，惟不忘相思的情深似海。</p><p>&nbsp;&nbsp;&nbsp;&nbsp;懂你，何须千言万语，一朝相遇，便是永远。光阴转角处最美的遇见，是只一眼，便在一个人的眼中沉沦，心中的繁花，只的</p><p>&nbsp;&nbsp;&nbsp;&nbsp;总有些回忆，恰如眉间的春色，潋滟在岁月的枝头，在云水深处，折叠成一处风景，似一朵花开，如流动的风，浅浅淡淡，却一直都在。</p><p>&nbsp;&nbsp;&nbsp;&nbsp;总有一种遇见，惊艳了时光，温柔岁月，若一抹暖阳，一树新绿，,虽相隔千山万水，抖落风尘，依然会珍藏你的笑。</p><p>&nbsp;&nbsp;&nbsp;&nbsp;总有一处风景，渲染了欢喜，如一曲清音，在心与心的相惜中流淌，葱茏了一季花事，写意了一季明媚。</p><p>&nbsp;&nbsp;&nbsp;&nbsp;春点燃季节的花红柳绿，将温润藏在一朵花的微笑里，拾一枚醉人的花香，那嫣然的花事，便成了盛开在年华里最美的诗行。</p><p>&nbsp;&nbsp;&nbsp;&nbsp;春天是属于花朵的季节，与山水相逢是缘，与花朵相遇是美好，生命中注定会有那么一个人，千山万水与你相遇，和你一起体会春风拂面的温柔，将爱放在与阳光同在的地方，深爱，如开在灵魂深处的花朵，以最绚丽的色彩，写意生命中最美的风景。</p><p>&nbsp;&nbsp;&nbsp;&nbsp;爱是岁月眸子里的一笺春色，是开在光阴里的花朵，氤氲了想念，丰盈了生命。爱是清风摇曳曼妙的心语，是春雨萌动诗意的润泽，是姹紫嫣红涌动的春情，是花草相衬流淌的相惜，是弄花香满衣的诗意，是生命中最美的修行。</p><p>&nbsp;&nbsp;&nbsp;&nbsp;爱若盛开在春天里，定是春水萌动，春风拂面，繁花似锦。爱的诗意恰与春光相遇，爱的心境不为凡尘所染，爱的虔诚正与温暖欣喜相逢。</p><p>&nbsp;&nbsp;&nbsp;&nbsp;想来这个世界上的每一种好处，都只为懂他的人盛装而来，懂得，是两心相悦初见的惊艳，是原来你也在这里的久别重逢，是过尽千帆的不离不弃，是峰回路转的明媚嫣然，是蓦然回首的婆娑和感动，是老来多健忘，惟不忘相思的情深似海。</p><p>&nbsp;&nbsp;&nbsp;&nbsp;懂你，何须千言万语，一朝相遇，便是永远。光阴转角处最美的遇见，是只一眼，便在一个人的眼中沉沦，心中的繁花，只的你一人倾其所有的绽放，即便凋零也是无悔。</p><p>&nbsp;&nbsp;&nbsp;&nbsp;爱若盛开，清风自来，总想，那万紫千红的春天里，我看花时，花也一定在看我，我念你时，你也会念我。岁时光的回音壁上，有关于过去的种种回味，也掩映着明天的姹紫嫣红，时光就在这来来去去中，暗香盈袖。</p><p>&nbsp;&nbsp;&nbsp;&nbsp;人生，因缘而聚，因情而暖，我们这一路遇见，一路告别，远去的终只是回忆，留下的是生命中的不离不弃。</p><p>&nbsp;&nbsp;&nbsp;&nbsp;把岁月里的点滴美好珍藏，只为等待那场春暖花开的盛宴，捡拾一路阳光与感动，只为生命的路上有温暖相依。</p><p>&nbsp;&nbsp;&nbsp;&nbsp;因为懂得，所以慈悲，光阴的路口，若深情终不会被辜负，我愿静静的等待，等花开满枝，等时光嫣然，等你途经我的盛放，让所有的欢喜和遇见都能在春天抵达，岁月有爱相伴，从此一路繁花。</p><p>作者：春暖花开</p></ul>','灵感爆炸','Tue Mar 27 2018 20:3','1',0),(10,'情书','<p>&nbsp;&nbsp;&nbsp;&nbsp;亲爱的：</p><p>&nbsp;&nbsp;&nbsp;&nbsp;认识你的时候，你还是个懵懂的少女，如刚绽放的花朵，未沾晨露，未经风霜。我们相识于虚幻，却相约于现实。</p><p>&nbsp;&nbsp;&nbsp;&nbsp;记得第一次见你，是盛夏的午后。我踩一骑单车，乘着夏日的晚风，在夕阳的余晖里，等着你来。而你终究是来了，一身素衣，明眸闪烁，一投足一挥手，皆撩拨我的心弦。</p><p>&nbsp;&nbsp;&nbsp;&nbsp;相见，彼此都想表现的自然，但都没能掩住涨红了的脸，也多亏了那如血的残阳，才让我们没有那么囧然。</p><p>&nbsp;&nbsp;&nbsp;&nbsp;晚风习习，河面泛起粼粼的光。岸边柳枝轻舞，蝉声阵阵。共乘一辆单车，你微微依在我的背上，轻轻拽着我的衣。沿着河岸，我们缓缓前行。</p><p>&nbsp;&nbsp;&nbsp;&nbsp;天边最后一丝余辉散尽，四周霓虹灯亮起，远处凉亭里传来笙箫齐奏的晚歌。我们行着，如同走在五彩斑斓的梦里。</p><p>&nbsp;&nbsp;&nbsp;&nbsp;感谢有你，在那些昏暗、寒冷的日子里，不离不弃，陪我度过一段又一段难熬的日子。在欢乐里陪我放歌，在痛苦里陪我哭泣。</p><p>&nbsp;&nbsp;&nbsp;&nbsp;幸好有你，在这些平平淡淡的日子里，平静的生活才能泛起层层涟漪，虽波澜不惊，但却处处有着惊喜。</p><p>庆幸有你，我虽身无分文，你却愿意陪我打造属于我们自己的天地。任劳任怨，无怨无悔。</p><p>&nbsp;&nbsp;&nbsp;&nbsp;现在流年已逝，生活粗糙了你的双手，岁月憔悴了你的容颜。我无法给你锦衣玉食，你却愿意陪我闲走山野。即使仅仅几株桃花，你却说已经芬芳满园。</p><p>&nbsp;&nbsp;&nbsp;&nbsp;遇见你，不知是不是前世修来的福。如果真是前世修来的福，此生我愿意默念梵经万遍，只求来世与你再结一段缘</p><p>&nbsp;&nbsp;&nbsp;&nbsp;遇见你，不知是不是用尽来生积攒的缘。如果真是用尽来生积攒的缘，来生我愿化身石桥，受五百年风吹，五百年雨打，只为你从桥上走过。</p><p>&nbsp;&nbsp;&nbsp;&nbsp;题记：从来没给媳妇写过情书，谨以此文，表达对媳妇的歉意。</p><p>&nbsp;&nbsp;&nbsp;&nbsp;写在相识十一周年之前</p>','日记','Sat Mar 31 2018 15:4','1',0),(11,'余生，找个能让你做自己的人','<p>&nbsp; &nbsp; 01</p><p>&nbsp;&nbsp;&nbsp;&nbsp;半夜收到一位读者长篇大论的留言，大致意思是过年涂了粉色眼影跟男朋友回他偏僻的农村老家去过年，结果男朋友家人认为她不正经。这还不是重点，重点是男朋友看到自己家人的反应后，非旦没有替她辩解，还让她从此以后不要再涂眼影，也不要抹口红，只要稍微擦点BB霜什么的就好了。</p><p>&nbsp;&nbsp;&nbsp;&nbsp;大清早看完留言，气得我差点一口老血喷出来。</p><p>&nbsp;&nbsp;&nbsp;&nbsp;什么年代了，竟然还有人活在“涂口红的都是婊子”的观念里。</p><p>&nbsp;&nbsp;&nbsp;&nbsp;更可气的是，姑娘犹犹豫豫吐露为了留住男友她也可以永远不化妆，只要男友喜欢，很多事情她都可以按照男朋友的标准来。</p><p>&nbsp;&nbsp;&nbsp;&nbsp;我无言以对。</p><p>&nbsp;&nbsp;&nbsp;&nbsp;末了姑娘又问我该不该和男朋友分手，我只能回她其实在你问我的时候你心里已经有了答案了。</p><p>&nbsp;&nbsp;&nbsp;&nbsp;我知道我无权干涉别人的私生活，可是，这样的直男癌男友，不分手难道留着明年过年继续被羞辱嘛。</p><p>&nbsp;&nbsp;&nbsp;&nbsp;02</p><p>&nbsp;&nbsp;&nbsp;&nbsp;有多少姑娘，爱上一个人，就死心塌地处处以对方的标准来要求自己，努力做对方心里想要的那个人，殊不知，到最后不但没能取悦对方，反倒迷失了自己。</p><p>&nbsp;&nbsp;&nbsp;&nbsp;我表妹就是这样的人。</p><p>&nbsp;&nbsp;&nbsp;&nbsp;恋爱之前表妹是一大大咧咧无拘无束的女生，剪短发，穿夹克，拎得了水桶，扛得起大米，永远给人一种女汉子形象。</p><p>&nbsp;&nbsp;&nbsp;&nbsp;后来表妹找了一男友，一开始小男友很欣赏表妹这种不拘一格的性格。可是时间久了，小男友觉得带表妹出去很没有面子，因为感觉自己搞了个同性恋。</p><p>&nbsp;&nbsp;&nbsp;&nbsp;渐渐地，小男友要求表妹为自己改变，活成他想要的样子。表妹又不想分手，只好一改往日形象，蓄起了长发，也穿起了短裙，在小男友面前，表妹化着淡妆，踩着小高跟，一副娇滴滴的羞怯模样。</p><p>&nbsp;&nbsp;&nbsp;&nbsp;有次我见表妹见完男友刚一回到家，就立马卸掉妆甩掉小高跟，穿上自己的运动装，揉着酸痛的脚底暴起了粗口: 妈的，别扭死老娘了。</p><p>&nbsp;&nbsp;&nbsp;&nbsp;结局可想而知，他们分手了，因为小男友嫌表妹人前人后两副面孔。</p><p>&nbsp;&nbsp;&nbsp;&nbsp;表妹向我哭诉，我为他改变了那么多，他凭什么不感动，凭什么要跟我分手。</p><p>&nbsp;&nbsp;&nbsp;&nbsp;我只能提醒她: 可是你忘了，一开始他爱上的就是那个改变之前的你啊。</p><p>&nbsp;&nbsp;&nbsp;&nbsp;如今表妹有了新的男朋友，两人如胶似漆腻腻歪歪的，谈起新男友，表妹自豪地说现在才觉得自己真正在谈恋爱呢，因为男朋友让她活成了她自己，她不必为了取悦他而小心翼翼地戴上一幅假面具。</p><p>&nbsp;&nbsp;&nbsp;&nbsp;的确，一份健康成熟的关系，从来不是什么我们在一起，我就肆无忌惮地把你打造成我心里想要的样子，而你，也会以我的标准努力变成我想象中的完美样子，而是我们相爱，无论多久，你还是那个我最初喜欢的你，我也还是那个你一开始就喜欢上的我，我们都在坦坦荡荡做自己，不必为了留住谁而附和谁。</p><p>&nbsp;&nbsp;&nbsp;&nbsp;03</p><p>&nbsp;&nbsp;&nbsp;&nbsp;电影《撒娇女人最好命》里，张慧多年以来一直暗恋大学同学兼同事恭志强，无奈在恭志强眼里，张慧就是个男的。</p><p>&nbsp;&nbsp;&nbsp;&nbsp;为了夺回真爱，张慧投其所好，一改往日粗硬直的女汉子形象，在闺蜜的帮助下使出浑身解数苦练撒娇技能，而最终，让张慧真正赢得爱情的，恰巧不是她矫揉造作的撒娇绝技，而是一直以来洋洋洒洒如男人般的那个最本真的自己。</p><p>&nbsp;&nbsp;&nbsp;&nbsp;正如恭志强所说，反正，她撒娇我就是看不惯，倒是打打闹闹，我挺喜欢的。</p><p>&nbsp;&nbsp;&nbsp;&nbsp;恭爸也说，你笑话人家像个男人，但是你仔细想一想，你从根本上喜欢的，她就是像个男人。</p><p>&nbsp;&nbsp;&nbsp;&nbsp;所以啊，爱你的时候，你根本不必挖空心思取悦我，也不必为了我而变成另一个自己。因为眼前这个真真切切的你就是我最喜欢的。</p><p>&nbsp;&nbsp;&nbsp;&nbsp;就像电影里那句台词所说的: 努力做最真实的自己，自然会有人来爱你。</p><p>&nbsp;&nbsp;&nbsp;&nbsp;04</p><p>&nbsp;&nbsp;&nbsp;&nbsp;我是爱你的，你是自由的，我想这才是好的爱情该有的样子。</p><p>&nbsp; &nbsp; 一段舒服的关系，也绝不是你不喜欢女生化妆，于是我永远素面朝天。</p><p>&nbsp;&nbsp;&nbsp;&nbsp;你不喜欢女生穿裙子，所以我打扮地像个假小子。</p><p>&nbsp;&nbsp;&nbsp;&nbsp;而是我无辣不欢，你一吃辣就冒痘，可你不会强行要求我为了你戒麻戒辣。</p><p>&nbsp;&nbsp;&nbsp;&nbsp;我喜欢喝酒，你滴酒不沾，但你不会觉得女生喝酒就是放荡不羁。</p><p>&nbsp;&nbsp;&nbsp;&nbsp;好的爱情，必定是两个不必伪装，坦然做自己的独立个体在爱的道路上携手同行，是无论两人在一起多久，你永远懂得包容比改造重要，知道我按自己的方式生活，做最真实的自己才会更开心，而我，也不会一厢情愿地让你变成我希望你成为的那个人。</p>','随手记','Sat Mar 31 2018 15:4','1',0),(12,'用心，聆听春暖与花开的深情','<p>&nbsp;&nbsp;&nbsp;&nbsp;文/心柔</p><p>&nbsp;&nbsp;&nbsp;&nbsp;春一来，花就俏，仿佛花儿倾尽韶华，只为春艳；馨香满枝，只为春悦。注定，花儿是深爱着春天的，无论春来的多么深情，走的多么绝情，花儿都如痴如醉的守候，不变不移的眷恋。</p><p>&nbsp;&nbsp;&nbsp;&nbsp;或许，春与花儿，本就是一对情定三生的恋人。三生又三生，生生世世痴缠不断。终究，花儿是深情的。不论春是选择来，沐浴花香，还是春选择离去，凋零花色，花儿都一如既往，不怨不悔。</p><p>&nbsp;&nbsp;&nbsp;&nbsp;因为花儿懂得春的无奈，亦懂春的不易。这世上最温柔的守护，莫过于一份无言也懂的默契，如此，春去春来，花开花谢，便总是相随相伴，不离不弃。</p><p>&nbsp;&nbsp;&nbsp;&nbsp;这是一种深情，也是一种情怀。就像相爱的两个人，总有一个用情更深，包容更多。不论怎样，我都还是那么喜欢你，就像雨水洒落天涯，不远万里；就像鱼儿沉于海底温柔的呼吸，痴极嗔极。</p><p>&nbsp;&nbsp;&nbsp;&nbsp;不论日子如何变得陈旧琐碎，我也依旧还是很喜欢你，像日落前洒下的余晖，不忍离去；像旧城的老折子戏，温言软语。</p><p>&nbsp;&nbsp;&nbsp;&nbsp;喜欢，且得以拥有，这是多大的幸运。这份上天赐予的厚爱，值得用一生去珍惜，去珍视。在这万千尘世，又有多少喜欢，与相守无缘？就像住旅店的旧人，永无归期；就像一个人唱着的独角戏，触手可及，却又遥遥无期。</p><p>&nbsp;&nbsp;&nbsp;&nbsp;这世上最凄绝的距离，是两个人本互不相识，却有一天相识相爱；本已是最近密之人，却又在某一天分开。于是，两个人的距离又开始变得很远，甚至比以前更远。人生最难如初见，多少遇见，温婉那一季，却苍凉那一生。</p><p>&nbsp;&nbsp;&nbsp;&nbsp;从此以后，我遇见青山，遇见白雾，独尝这世间的清苦与孤独，却再不能与你相逢同路。在开往春天的列车上，如果你要提前下车，请别叫醒装睡的我，这样我可以跳过春花烂漫，直接抵达秋风送爽，假装不记得你来过，更不知道你已经离开。</p><p>&nbsp;&nbsp;&nbsp;&nbsp;最是痴缠惹伤怀，最是深情空余恨。你看那春花款款，千娇百媚，尽管也曾伤怀，也曾怨恨，但你却看不到分毫痕迹。那是因为春花痴情，在难得春来的时候，来不及那诸多怨言浪费时光，亦顾不得自己那点小心情只想博得春光潋滟。</p><p>&nbsp;&nbsp;&nbsp;&nbsp;对于春花来讲，春来一季，是那抓不住的风，又是满怀期待的梦。来来去去最是折磨，反反复复最是伤身。你以为热情主动会有感动，你以为你患得患失会有心痛，其实都没有。你要记得，那些不在乎你的人，不值得你去在乎；那些不把你当回事儿的人，不必要放在心上。</p><p>&nbsp;&nbsp;&nbsp;&nbsp;在漫长的未来里，不喜欢的人不要去抱，看不到结果就果断放手，说了遗忘就别再多看一眼，没有意义的表白就此止于口。至于那些没讲完的故事，就这样算了吧，不是所有人都能陪你到最后。有些路，只能一个人走，那些约好要同行的人，一起相伴雨季，走过年华，但有一天终究会在某个渡口散失。红尘陌上，独自行走，绿萝拂过衣襟，青云打湿诺言；走过一季春暖，相顾已是无言。</p><p>&nbsp;&nbsp;&nbsp;&nbsp;这世上每一个不敢再爱的人，都一定很深的爱过。看起来好象百毒不侵，其实早已百毒侵身。</p><p>&nbsp;&nbsp;&nbsp;&nbsp;月无言，人依旧，岁月在尘世转了几数轮回，春花在这四季更迭中开了又谢。花开无言，是她笃定的痴缠；春去无语，是他知道春若来，花自在。等值得等待的人，爱值得相守的人，这是春暖与花开的深情，亦是不语也相知的安暖与相伴。</p><p>&nbsp;&nbsp;&nbsp;&nbsp;作者简介：</p><p>&nbsp;&nbsp;&nbsp;&nbsp;心柔，原名谭成妍，中国散文学会会员，中国西部散文学会会员，内蒙古作家协会会员。作品见《青年文学家》《西部散文选刊》《读者文摘》《北方农村报》《河北农民报》《库尔勒晚报》《重庆日报》《祁东新闻》《搜狐新闻》等媒体报刊杂志及各大文学网站。散文在“中国之声”之《千里共良宵》栏目诵读播出。出版合集《散文经典选藏》，散文集《心柔若水》微信尾单签售中，最新文集《岁月很长，不必慌张》已公费出版，全国发行。</p>','灵感爆炸','Sat Mar 31 2018 15:4','1',0),(13,'总有絮语难诉说','<p>&nbsp;&nbsp;&nbsp;&nbsp;一场飞雪，一帘心事，在缓缓流光中散去，我想用尽最后的力气去抓住一些回忆，可得到后又将老去，不如让它随风逝去，不去问老去的年华，承载多少往事，不去问彼岸的渡口，又将送去多少故事。</p><p>&nbsp;&nbsp;&nbsp;&nbsp;———题记</p><p>&nbsp;&nbsp;&nbsp;&nbsp;寒冬的风又来了，带着久远的芳香心事，勾勒往事扭曲线，忽远忽近，倏然间刺痛心扉，久久不能呼吸。凝视、驻足，任漫天雪花飘飘扬扬，却不敢触碰，害怕指间的温暖融化，徒增伤悲，临风、心碎，孤影相随。</p><p>&nbsp;&nbsp;&nbsp;&nbsp;其实，很多故事早已搁笔，没来得及给个完美句读，就已尘封，如久藏地窖，越来越浓郁，随时喷薄而出。一切呼之欲出的心事，在心尖上久久徘徊，越来越与人事相近，害怕了与世间针锋相对，狭路相逢，自始至终，我都在极力逃避，缺少面对的底气。</p><p>&nbsp;&nbsp;&nbsp;&nbsp;忆往昔，多少岁月在指缝间流走，斑驳成心心念念的过往，风华成一幕幕如莲心事，在举手投足间，出卖内心的骚动，拳拳之心，不舍，不忘，难相忘。</p><p>&nbsp;&nbsp;&nbsp;&nbsp;多少悲喜成为回忆，在深夜里摇摇欲坠，坠在思无涯下，爱成一场笑剧。多少故事断断续续，最后生生扯断，成了新的故事。多少岁月里，来来往往的过客，点缀了生命这一场戏！( 文章阅读网：www.sanwen.net )</p><p>&nbsp;&nbsp;&nbsp;&nbsp;我不想成为吟愁唱哭，伤春悲秋者，却成了诉说者，诉说平淡流年里平淡往事，不掺杂点滴夸张，说爱是爱，谈恨不言伤，谈伤不怨天不尤人，谈笑不提风月，人世多流言，少一些好奇，内心会变得清澈坦荡。</p><p>&nbsp;&nbsp;&nbsp;&nbsp;我在岁月里，上演一场又一场悲剧，我在岁月里，一次次诀别，那些遇见与记忆，风化、随风飘散，我想，我要，我渴望抓住，可是总是越来越远。</p><p>&nbsp;&nbsp;&nbsp;&nbsp;这世界，有很多美好，有很多值得留恋，可是更多的是可望不可即，更多的是让人生悲，每个人都在隐藏心事，不敢说，不可说，怕说穿更加难过，怕那些赤裸心事被人观赏玩弄。</p><p>&nbsp;&nbsp;&nbsp;&nbsp;我说，这世界，总不会是让人一辈子一帆风顺，可是，也不该让人一生多舛，毕竟，活着不容易，若是活着还要承受各种艰难困苦，那么，活着比死亡好吗？</p><p>&nbsp;&nbsp;&nbsp;&nbsp;每一天，为各种烦心事夜不能寐，睡着又不想醒来，害怕与世俗烟火沾染，不是每个人都能平静的度过余生，毕竟生来深受上天眷顾之人少之又少，即便是幸运之人，也免不了要与这个世界打交道，那么，又怎能躲避风霜刀剑。</p><p>&nbsp;&nbsp;&nbsp;&nbsp;活在回忆里终归不是一件好事，很多人懂，岁月无法重来，只有在余生更加努力，让生活更加平静，免去后半生多忧多虑，弥补这一生的磨难，可是，你会发现，越走越远，越来越偏离预想。</p><p>&nbsp;&nbsp;&nbsp;&nbsp;伫立回首，会发现缅怀不失为一种治愈，治愈这颗曾经憧憬未来，又被一次次撕碎的心，未来真的就比回忆美好吗？</p><p>&nbsp;&nbsp;&nbsp;&nbsp;无论是对这个世界的爱，对某个人的爱，总要结束，或许，有些人不属于，不适合这个世界，生存是需要法则，你所认为的那些理所当然的活法，我所理解的生活，都在一步步将自己推向更深的深渊，越走越远。</p>','心情','Sat Mar 31 2018 15:4','1',0);

/*Table structure for table `bgimg` */

DROP TABLE IF EXISTS `bgimg`;

CREATE TABLE `bgimg` (
  `bg_id` int(5) NOT NULL AUTO_INCREMENT,
  `bg_url` varchar(50) NOT NULL,
  PRIMARY KEY (`bg_id`)
) ENGINE=InnoDB AUTO_INCREMENT=2 DEFAULT CHARSET=utf8;

/*Data for the table `bgimg` */

insert  into `bgimg`(`bg_id`,`bg_url`) values (1,'img/bg/bg01.jpg');

/*Table structure for table `blog_img` */

DROP TABLE IF EXISTS `blog_img`;

CREATE TABLE `blog_img` (
  `id` int(11) NOT NULL AUTO_INCREMENT,
  `u_class` int(2) NOT NULL,
  `u_path` varchar(55) NOT NULL,
  PRIMARY KEY (`id`,`u_class`,`u_path`)
) ENGINE=InnoDB AUTO_INCREMENT=89 DEFAULT CHARSET=utf8;

/*Data for the table `blog_img` */

insert  into `blog_img`(`id`,`u_class`,`u_path`) values (73,1,'1.jpg'),(74,1,'a1.jpg'),(75,1,'a2.jpg'),(76,1,'a3.jpg'),(77,1,'a4.jpg'),(78,1,'a5.jpg'),(79,1,'a6.jpg'),(80,1,'a7.jpg'),(81,1,'a8.jpg'),(82,1,'a9.jpg'),(83,1,'a10.jpg'),(84,1,'p_big1.jpg'),(85,1,'25.jpg'),(86,1,'26.jpg'),(87,1,'28.jpg'),(88,1,'09.jpg');

/*Table structure for table `comment` */

DROP TABLE IF EXISTS `comment`;

CREATE TABLE `comment` (
  `c_id` int(100) NOT NULL AUTO_INCREMENT,
  `c_content` varchar(500) NOT NULL,
  `c_time` varchar(50) NOT NULL,
  `a_id` int(100) NOT NULL,
  PRIMARY KEY (`c_id`)
) ENGINE=InnoDB AUTO_INCREMENT=13 DEFAULT CHARSET=utf8;

/*Data for the table `comment` */

insert  into `comment`(`c_id`,`c_content`,`c_time`,`a_id`) values (1,'哈麻皮，你就是咋蛤蟆皮！','2018.3.21',1),(3,'六六六\n                    ','Sat Mar 31 2018 14:1',7),(4,'温度维持稳定的伤残','Sat Mar 31 2018 14:31:35 GMT+0800 (中国标准时间)',7),(5,'实打实大所大所','Sat Mar 31 2018 14:50:14 GMT+0800 (中国标准时间)',7),(6,'我去二群翁群无群二错','Sat Mar 31 2018 14:51:06 GMT+0800 (中国标准时间)',7),(7,'奥术大师大所大','Sat Mar 31 2018 14:56:26 GMT+0800 (中国标准时间)',8),(8,'萨达所大所大','Sat Mar 31 2018 14:56:51 GMT+0800 (中国标准时间)',8),(9,'撒大师大师','Sat Mar 31 2018 14:57:15 GMT+0800 (中国标准时间)',8),(10,'我是大叔大叔大叔大','Sat Mar 31 2018 15:04:49 GMT+0800 (中国标准时间)',6),(11,'色的发','Sat Mar 31 2018 15:20:45 GMT+0800 (中国标准时间)',6),(12,'我去二群我','Sat Mar 31 2018 15:21:33 GMT+0800 (中国标准时间)',6);

/*Table structure for table `login` */

DROP TABLE IF EXISTS `login`;

CREATE TABLE `login` (
  `u_id` int(5) NOT NULL AUTO_INCREMENT,
  `u_name` varchar(20) NOT NULL,
  `u_pwd` varchar(20) NOT NULL,
  PRIMARY KEY (`u_id`)
) ENGINE=InnoDB AUTO_INCREMENT=2 DEFAULT CHARSET=utf8;

/*Data for the table `login` */

insert  into `login`(`u_id`,`u_name`,`u_pwd`) values (1,'admin','123');

/*Table structure for table `person` */

DROP TABLE IF EXISTS `person`;

CREATE TABLE `person` (
  `p_id` int(1) NOT NULL AUTO_INCREMENT,
  `name` varchar(10) NOT NULL,
  `personimg` varchar(50) NOT NULL,
  `email` varchar(50) NOT NULL,
  `tel` varchar(20) NOT NULL,
  `phone` varchar(20) NOT NULL,
  `company` varchar(20) NOT NULL,
  `department` varchar(20) NOT NULL,
  `remarks` varchar(100) NOT NULL,
  `profile` varchar(1000) NOT NULL,
  PRIMARY KEY (`p_id`)
) ENGINE=InnoDB AUTO_INCREMENT=2 DEFAULT CHARSET=utf8;

/*Data for the table `person` */

insert  into `person`(`p_id`,`name`,`personimg`,`email`,`tel`,`phone`,`company`,`department`,`remarks`,`profile`) values (1,'汪汪哈哈','a5.jpg','995050166@qq.com','18473481752','0736-1234-123','家里蹲外企','技术部','000000','爱 好 特喜爱足球、音乐，也喜欢读书、书法、旅游、游戏、时政、以及各项运动等 个人简介 我性格开朗、思维活跃；待人真诚、可靠，做事有责任心，条理性强；易与人相处，对工作充满热情,任劳任怨,勤奋好学,敢挑重担，具有很强的团队精神和协调能力。');

/*!40101 SET SQL_MODE=@OLD_SQL_MODE */;
/*!40014 SET FOREIGN_KEY_CHECKS=@OLD_FOREIGN_KEY_CHECKS */;
/*!40014 SET UNIQUE_CHECKS=@OLD_UNIQUE_CHECKS */;
/*!40111 SET SQL_NOTES=@OLD_SQL_NOTES */;
